ticker,entry_date,exit_date,entry_price,exit_price,quantity,pnl,pnl_pct,reason
JPM,2025-11-14 20:00:00,2025-11-14 20:00:00,303.77,303.77,5,-0.0,-0.0,stop_loss
AAPL,2025-11-14 20:00:00,2025-12-05 20:00:00,272.5,278.75,6,37.5,2.293577981651376,timeout
GOOGL,2025-11-14 20:00:00,2025-12-05 20:00:00,276.43,321.25,3,134.45999999999998,16.213869695763844,timeout
GS,2025-11-14 20:00:00,2025-12-05 20:00:00,790.71,854.29,1,63.57999999999993,8.040874656953868,timeout
AAPL,2025-12-05 20:00:00,2025-12-26 20:00:00,278.75,273.35,5,-26.999999999999886,-1.9372197309416959,timeout
SPY,2025-12-05 20:00:00,2025-12-26 20:00:00,685.65,690.25,3,13.800000000000068,0.6708962298548856,timeout
DIA,2025-12-05 20:00:00,2025-12-26 20:00:00,480.0,487.0,6,42.0,1.4583333333333333,timeout
GOOGL,2025-12-26 20:00:00,2026-01-16 20:00:00,313.54,329.99,4,65.79999999999995,5.24653951648912,timeout
SPY,2025-12-26 20:00:00,2026-01-16 20:00:00,690.25,691.61,5,6.800000000000068,0.19703006157189623,timeout
DIA,2025-12-26 20:00:00,2026-01-16 20:00:00,487.0,493.44,7,45.079999999999984,1.3223819301848043,timeout
QQQ,2026-01-16 20:00:00,2026-02-05 20:00:00,621.06,597.05,4,-96.03999999999996,-3.8659710816990294,stop_loss
SPY,2026-01-16 20:00:00,2026-02-06 20:00:00,691.61,690.66,6,-5.700000000000273,-0.1373606512340836,timeout
DIA,2026-01-16 20:00:00,2026-02-06 20:00:00,493.44,500.98,7,52.78000000000014,1.5280479896238692,timeout
NVDA,2026-02-06 20:00:00,2026-02-27 20:00:00,185.4,177.16,5,-41.200000000000045,-4.444444444444449,timeout
SPY,2026-02-06 20:00:00,2026-02-27 20:00:00,690.66,686.27,3,-13.169999999999959,-0.63562389598355,timeout
DIA,2026-02-06 20:00:00,2026-02-27 20:00:00,500.98,489.72,5,-56.299999999999955,-2.247594714359853,timeout
AMZN,2026-02-27 20:00:00,2026-02-27 20:00:00,210.0,210.0,5,-0.0,-0.0,stop_loss
SPY,2026-02-27 20:00:00,2026-02-27 20:00:00,686.27,686.27,4,-0.0,-0.0,stop_loss
GOOGL,2026-02-27 20:00:00,2026-02-27 20:00:00,311.65,311.65,4,-0.0,-0.0,stop_loss
QQQ,2026-02-27 20:00:00,2026-02-27 20:00:00,607.4,607.4,3,-0.0,-0.0,stop_loss
MSFT,2026-03-02 20:00:00,2026-03-03 20:00:00,398.34,403.77,3,-16.29000000000002,-1.3631571019731903,stop_loss
NVDA,2026-03-02 20:00:00,2026-03-03 20:00:00,182.38,180.03,5,11.749999999999972,1.2885184779032757,stop_loss
META,2026-03-03 20:00:00,2026-03-04 20:00:00,655.02,667.54,1,-12.519999999999982,-1.911392018564316,stop_loss
TSLA,2026-03-04 20:00:00,2026-03-05 20:00:00,406.1,405.43,2,1.3400000000000318,0.1649839940901295,stop_loss
AMD,2026-03-04 20:00:00,2026-03-05 20:00:00,202.04,199.44,3,7.799999999999983,1.286873886359134,stop_loss
SPY,2026-03-05 20:00:00,2026-03-06 20:00:00,681.44,672.47,3,26.910000000000082,1.3163301244423613,stop_loss
QQQ,2026-03-06 20:00:00,2026-03-06 20:00:00,599.83,599.83,3,-0.0,-0.0,stop_loss
META,2026-03-09 19:00:00,2026-03-10 19:00:00,647.15,653.87,1,-6.720000000000027,-1.038399134667392,stop_loss
GOOGL,2026-03-09 19:00:00,2026-03-10 19:00:00,306.32,307.04,4,-2.880000000000109,-0.23504831548708124,stop_loss
SPY,2026-03-11 19:00:00,2026-03-12 19:00:00,676.34,666.04,3,30.900000000000205,1.522902682082986,stop_loss
IWM,2026-03-02 20:00:00,2026-03-12 19:00:00,263.83,247.44,6,-98.33999999999992,-6.212333699730882,stop_loss
NVDA,2026-03-12 19:00:00,2026-03-13 19:00:00,183.08,180.27,5,14.050000000000011,1.534848153812542,stop_loss
QQQ,2026-03-12 19:00:00,2026-03-13 19:00:00,597.34,593.7,3,10.919999999999959,0.6093681990156338,stop_loss
MSFT,2026-03-13 19:00:00,2026-03-13 19:00:00,395.62,395.62,3,-0.0,-0.0,stop_loss
AMZN,2026-03-13 19:00:00,2026-03-13 19:00:00,207.7,207.7,6,-0.0,-0.0,stop_loss
GOOGL,2026-03-16 19:00:00,2026-03-17 19:00:00,305.58,310.88,4,-21.200000000000045,-1.7344067020092977,stop_loss
AVGO,2026-03-16 19:00:00,2026-03-17 19:00:00,324.93,321.27,2,7.32000000000005,1.126396454621003,stop_loss
SPY,2026-03-16 19:00:00,2026-03-17 19:00:00,668.96,670.75,3,-5.369999999999891,-0.2675795264290785,stop_loss
TSLA,2026-03-17 19:00:00,2026-03-18 19:00:00,399.18,392.85,2,12.659999999999968,1.5857507891176872,stop_loss
QQQ,2026-03-17 19:00:00,2026-03-18 19:00:00,603.38,594.77,3,25.83000000000004,1.4269614504955441,stop_loss
AMZN,2026-03-18 19:00:00,2026-03-19 19:00:00,209.87,208.73,6,6.840000000000089,0.5431934054414709,stop_loss
AMD,2026-03-18 19:00:00,2026-03-19 19:00:00,199.44,205.24,4,-23.200000000000045,-2.9081427998395566,stop_loss
AMZN,2026-03-23 19:00:00,2026-03-24 19:00:00,210.13,207.26,6,17.220000000000027,1.3658211583305595,stop_loss
GOOGL,2026-03-23 19:00:00,2026-03-24 19:00:00,302.03,290.42,5,58.049999999999784,3.843989007714452,stop_loss
AVGO,2026-03-23 19:00:00,2026-03-24 19:00:00,322.45,318.28,2,8.340000000000032,1.2932237556210315,stop_loss
AAPL,2026-03-25 19:00:00,2026-03-26 19:00:00,252.56,252.89,6,-1.9799999999999045,-0.13066202090591703,stop_loss
NVDA,2026-03-25 19:00:00,2026-03-26 19:00:00,178.68,171.23,6,44.7000000000001,4.169464965301107,stop_loss
QQQ,2026-03-25 19:00:00,2026-03-26 19:00:00,587.73,573.7,3,42.08999999999992,2.3871505623330393,stop_loss
GS,2026-03-26 19:00:00,2026-03-27 19:00:00,822.27,802.95,1,19.319999999999936,2.349593199314086,stop_loss
IWM,2026-03-26 19:00:00,2026-03-27 19:00:00,247.42,243.09,5,21.64999999999992,1.7500606256567717,stop_loss
JPM,2026-03-30 19:00:00,2026-03-31 19:00:00,283.88,294.22,5,-51.70000000000016,-3.642384105960276,stop_loss
AAPL,2026-03-31 19:00:00,2026-04-01 19:00:00,253.73,255.71,6,-11.88000000000011,-0.7803570724786263,stop_loss
AMZN,2026-03-31 19:00:00,2026-04-01 19:00:00,208.28,210.58,6,-13.800000000000068,-1.104282696370276,stop_loss
SPY,2026-03-31 19:00:00,2026-04-01 19:00:00,650.28,655.21,3,-14.790000000000191,-0.7581349572491948,stop_loss
NVDA,2026-04-01 19:00:00,2026-04-02 19:00:00,175.8,177.41,6,-9.659999999999911,-0.9158134243458391,stop_loss
GOOGL,2026-04-01 19:00:00,2026-04-02 19:00:00,297.47,295.8,4,6.680000000000064,0.5614011496957729,stop_loss
QQQ,2026-04-01 19:00:00,2026-04-02 19:00:00,584.29,584.99,3,-2.1000000000001364,-0.11980352222356117,stop_loss
AVGO,2026-04-02 19:00:00,2026-04-02 19:00:00,314.53,314.53,3,-0.0,-0.0,stop_loss
DIA,2026-04-02 19:00:00,2026-04-02 19:00:00,465.03,465.03,4,-0.0,-0.0,stop_loss
QQQ,2026-04-06 19:00:00,2026-04-07 19:00:00,588.51,588.71,3,-0.6000000000001364,-0.03398412941157253,stop_loss
MSFT,2026-04-08 19:00:00,2026-04-09 19:00:00,374.32,373.02,4,5.2000000000000455,0.3472964308612982,stop_loss
TSLA,2026-04-14 19:00:00,2026-04-15 19:00:00,364.17,392.06,2,-55.77999999999997,-7.658511134909516,stop_loss
JPM,2026-04-24 19:00:00,2026-05-15 19:00:00,308.27,297.87,5,-51.999999999999886,-3.3736659421935244,timeout
DIA,2026-04-29 19:00:00,2026-05-20 19:00:00,488.72,500.26,6,69.23999999999978,2.3612702569978645,timeout
MSFT,2026-04-30 19:00:00,2026-05-21 19:00:00,407.77,419.07,2,22.600000000000023,2.7711700223165048,timeout
GS,2026-05-15 19:00:00,2026-06-04 19:00:00,948.87,1092.38,1,143.5100000000001,15.124305753159032,take_profit
SPY,2026-06-04 19:00:00,2026-06-05 19:00:00,757.05,737.42,5,-98.14999999999998,-2.5929595139026476,stop_loss
DIA,2026-05-20 19:00:00,2026-06-10 19:00:00,500.26,500.2,6,-0.36000000000001364,-0.011993763243114037,timeout
MSFT,2026-05-21 19:00:00,2026-06-11 19:00:00,419.07,390.0,3,-87.20999999999998,-6.936788603335957,timeout
AAPL,2026-06-05 19:00:00,2026-06-25 19:00:00,307.43,275.11,6,-193.91999999999996,-10.512962300361057,stop_loss
AMZN,2026-06-29 19:00:00,2026-06-30 19:00:00,240.1,238.21,3,5.669999999999959,0.787172011661802,stop_loss
GOOGL,2026-06-30 19:00:00,2026-07-01 19:00:00,357.11,361.23,2,-8.240000000000009,-1.15370614096497,stop_loss
IWM,2026-06-11 19:00:00,2026-07-02 19:00:00,290.38,297.53,5,35.749999999999886,2.4622907913768084,timeout
DIA,2026-06-11 19:00:00,2026-07-02 19:00:00,509.31,527.82,5,92.55000000000024,3.634328797785248,timeout
TSLA,2026-07-02 19:00:00,2026-07-02 19:00:00,392.9,392.9,1,-0.0,-0.0,stop_loss
SPY,2026-07-01 19:00:00,2026-07-22 19:00:00,745.65,747.34,3,5.070000000000164,0.22664789110173064,timeout
IWM,2026-07-02 19:00:00,2026-07-23 19:00:00,297.53,292.07,6,-32.75999999999988,-1.8351090646321313,timeout
MSFT,2026-07-24 19:00:00,2026-07-24 19:00:00,381.74,381.74,3,-0.0,-0.0,stop_loss
GS,2026-07-06 19:00:00,2026-07-27 19:00:00,1054.9,1046.8,1,-8.100000000000136,-0.7678452933927515,timeout
AVGO,2026-07-28 19:00:00,2026-07-29 19:00:00,380.74,370.31,2,20.860000000000014,2.739402216735832,stop_loss
SPY,2026-07-22 19:00:00,2026-08-12 19:00:00,747.34,772.52,4,100.7199999999998,3.369283057243015,timeout
META,2026-08-13 19:00:00,2026-08-14 19:00:00,594.85,589.86,1,4.990000000000009,0.8388669412456936,stop_loss
GOOGL,2026-08-14 19:00:00,2026-08-14 19:00:00,345.88,345.88,2,-0.0,-0.0,stop_loss
GS,2026-08-14 19:00:00,2026-08-14 19:00:00,1039.07,1039.07,1,-0.0,-0.0,stop_loss
DIA,2026-07-28 19:00:00,2026-08-18 19:00:00,526.9,532.95,6,36.30000000000041,1.1482254697286143,timeout
AMD,2026-08-18 19:00:00,2026-08-19 19:00:00,484.68,466.76,1,17.920000000000016,3.6972848064702517,stop_loss
JPM,2026-07-29 19:00:00,2026-08-19 19:00:00,344.83,357.34,4,50.039999999999964,3.6278746048777637,timeout
GS,2026-08-19 19:00:00,2026-08-20 19:00:00,1021.79,1002.54,1,19.25,1.8839487565938209,stop_loss
